{
    "appliance-r1000": {
        "aulCost": 12,
        "applicationCount": 180
    }, 
    "appliance-r90": {
        "aulCost": 6,
        "applicationCount": 90
    },
    "appliance-r45": {
        "aulCost": 6,
        "applicationCount": 90
    },
    "appliance-r40": {
        "aulCost": 6,
        "applicationCount": 90
    },
    "appliance-r400": {
        "aulCost": 6,
        "applicationCount": 90
    },
    "appliance-m70": {
        "aulCost": 1,
        "applicationCount": 15
    },
    "appliance-m70-no-wifi": {
        "aulCost": 1,
        "applicationCount": 15
    },
    "appliance-m50": {
        "aulCost": 1,
        "applicationCount": 15
    },
    "appliance-m35": {
        "aulCost": 1,
        "applicationCount": 15
    },
    "appliance-m20": {
        "aulCost": 1,
        "applicationCount": 15
    },
    "appliance-m22": {
        "aulCost": 1,
        "applicationCount": 15
    },
    "appliance-m25": {
        "aulCost": 1,
        "applicationCount": 15
    },
    "appliance-m30": {
        "aulCost": 1,
        "applicationCount": 15
    },
    "appliance-c50": {
        "aulCost": 1,
        "applicationCount": 15
    },
    "appliance-vv35": {
        "aulCost": 1,
        "applicationCount": 15
    },
    "appliance-vk35": {
        "aulCost": 1,
        "applicationCount": 15
    },
    "appliance-vh35": {
        "aulCost": 1,
        "applicationCount": 15
    },
    "appliance-c40": {
        "aulCost": 1,
        "applicationCount": 15
    },
    "appliance-c05": {
        "aulCost": 0,
        "applicationCount": 0
    },
    "WinNT": {
        "aulCost": 0.02,
        "applicationCount": 5
    },
    "MAC": {
        "aulCost": 0.02,
        "applicationCount": 5
    },
    "appliance-gmp": {
        "aulCost": 1,
        "applicationCount": 15
    },
    "appliance-gmt": {
        "aulCost": 0,
        "applicationCount": 100
    },
    "application": {
        "aulCost": 0.06666666,
        "applicationCount": 1
    },
    "default": {
        "aulCost": 1,
        "applicationCount": 15
    }
}